{"0": [[10.0, -1.0, 0.0, 0.0, -7.979727989493313e-17, -3.3147674420123693e-15, 8.423817199343375e-15, -4.579669976578771e-15, -3.885780586188048e-16, 1.0, 0.0, 0.0, 7.979727989493313e-17, 3.3147674420123693e-15, -8.423817199343375e-15, 4.579669976578771e-15, 3.885780586188048e-16, 1.0, 0.0, 0.0, 11.83368037480481, 4.164408315965556e-15, -39.502082248828884, 42.16944299843848, -13.001041124414423, 0.0, 0.0, 0.0, 0.0, 0.0, 0.0, 0.0, 0.0], [10.0, -1.0, 0.0, 0.0, -1.609823385706477e-15, -4.163336342344337e-15, 1.7319479184152442e-14, -2.5979218776228663e-14, 5.551115123125783e-16, 1.0, 0.0, 0.0, 1.609823385706477e-15, 4.163336342344337e-15, -1.7319479184152442e-14, 2.5979218776228663e-14, -5.551115123125783e-16, 2.5, 0.0, 0.0, 5.1652785007808575, -20.005205622072033, 29.023945861530883, -18.693388859969126, 4.509370119729413, 0.0, 0.0, 0.0, 0.0, 0.0, 0.0, 0.0, 0.0], [10.0, -1.0, 0.0, 0.0, -2.3314683517128287e-15, 1.687538997430238e-14, -2.842170943040401e-14, 2.1316282072803006e-14, 1.7763568394002505e-15, 1.0, 0.0, 0.0, 2.3314683517128287e-15, -1.687538997430238e-14, 2.842170943040401e-14, -2.1316282072803006e-14, -1.7763568394002505e-15, 2.5, 0.0, 0.0, -0.6559083810515642, 2.5416449765748155, -3.6894846434150885, 2.3776678813119467, -0.5739198334201454, 0.0, 0.0, 0.0, 0.0, 0.0, 0.0, 0.0, 0.0], [10.0, -1.0, 0.0, 0.0, 3.552713678800501e-15, -1.4210854715202004e-14, 7.105427357601002e-15, 1.4210854715202004e-14, -1.4210854715202004e-14, 1.0, 0.0, 0.0, -3.552713678800501e-15, 1.4210854715202004e-14, -7.105427357601002e-15, -1.4210854715202004e-14, 1.4210854715202004e-14, 2.5, 0.0, 0.0, 0.08198854763144325, -0.327954190525773, 0.49193128578869505, -0.32795419052584407, 0.08198854763148233, 0.0, 0.0, 0.0, 0.0, 0.0, 0.0, 0.0, 0.0]], "1": [[10.0, 0.0, 0.0, 0.0, 0.1275377407600223, 6.61598489664486e-17, -0.7652264445601342, 1.020301926080179, -0.38261322228006694, 1.0, 0.0, 0.0, -0.12753774076002222, 3.2486075930459207e-15, 0.7652264445601258, -1.0203019260801742, 0.38261322228006733, 1.0, 0.0, 0.0, 11.738027069234793, 4.114788429240719e-15, -38.92816241540878, 41.40421655387835, -12.714081207704373, 0.0, 0.0, 0.0, 0.0, 0.0, 0.0, 0.0, 0.0], [10.0, 0.0, 0.0, 0.0, -0.5101509630400882, -1.9130661114003342, 8.800104112441527, -9.820406038521698, 3.443519000520593, 1.0, 0.0, 0.0, 0.5101509630400898, 1.9130661114003384, -8.800104112441545, 9.820406038521725, -3.4435190005205936, 2.5, 0.0, 0.0, 5.547891723060924, -18.57040603852178, 22.423867777199746, -11.328084331077852, 1.926730869338967, 0.0, 0.0, 0.0, 0.0, 0.0, 0.0, 0.0, 0.0], [10.0, 0.0, 0.0, 0.0, 3.953669963560659, 15.304528891202612, -48.63560645497175, 42.54294638209303, -12.165538781884552, 1.0, 0.0, 0.0, -3.9536699635606567, -15.30452889120263, 48.63560645497178, -42.54294638209305, 12.16553878188455, 2.5, 0.0, 0.0, -3.62116085372206, -8.936751691827148, 32.78722019781373, -29.529541905257815, 8.550234252993267, 0.0, 0.0, 0.0, 0.0, 0.0, 0.0, 0.0, 0.0], [10.0, 1.0, 0.0, 0.0, 3.8807912545549472, -15.523165018219927, 23.28474752733007, -15.523165018220148, 3.8807912545550636, 0.0, 0.0, 0.0, -3.8807912545549508, 15.523165018219942, -23.284747527330076, 15.523165018220132, -3.880791254555049, 1.75, 0.0, 0.0, -2.8286048932847683, 11.314419573139183, -16.971629359708857, 11.314419573139247, -2.8286048932848047, 0.0, 0.0, 0.0, 0.0, 0.0, 0.0, 0.0, 0.0]], "2": [[10.0, 1.0, 0.0, 0.0, 7.979727989493313e-17, 3.3147674420123693e-15, -8.423817199343375e-15, 4.579669976578771e-15, 3.885780586188048e-16, 1.0, 0.0, 0.0, 7.979727989493313e-17, 3.3147674420123693e-15, -8.423817199343375e-15, 4.579669976578771e-15, 3.885780586188048e-16, 1.0, 0.0, 0.0, 11.83368037480481, 4.164408315965556e-15, -39.502082248828884, 42.16944299843848, -13.001041124414423, 0.0, 0.0, 0.0, 0.0, 0.0, 0.0, 0.0, 0.0], [10.0, 1.0, 0.0, 0.0, 1.609823385706477e-15, 4.163336342344337e-15, -1.7319479184152442e-14, 2.5979218776228663e-14, -5.551115123125783e-16, 1.0, 0.0, 0.0, 1.609823385706477e-15, 4.163336342344337e-15, -1.7319479184152442e-14, 2.5979218776228663e-14, -5.551115123125783e-16, 2.5, 0.0, 0.0, 5.1652785007808575, -20.005205622072033, 29.023945861530883, -18.693388859969126, 4.509370119729413, 0.0, 0.0, 0.0, 0.0, 0.0, 0.0, 0.0, 0.0], [10.0, 1.0, 0.0, 0.0, 2.3314683517128287e-15, -1.687538997430238e-14, 2.842170943040401e-14, -2.1316282072803006e-14, -1.7763568394002505e-15, 1.0, 0.0, 0.0, 2.3314683517128287e-15, -1.687538997430238e-14, 2.842170943040401e-14, -2.1316282072803006e-14, -1.7763568394002505e-15, 2.5, 0.0, 0.0, -0.6559083810515642, 2.5416449765748155, -3.6894846434150885, 2.3776678813119467, -0.5739198334201454, 0.0, 0.0, 0.0, 0.0, 0.0, 0.0, 0.0, 0.0], [10.0, 1.0, 0.0, 0.0, -3.552713678800501e-15, 1.4210854715202004e-14, -7.105427357601002e-15, -1.4210854715202004e-14, 1.4210854715202004e-14, 1.0, 0.0, 0.0, -3.552713678800501e-15, 1.4210854715202004e-14, -7.105427357601002e-15, -1.4210854715202004e-14, 1.4210854715202004e-14, 2.5, 0.0, 0.0, 0.08198854763144325, -0.327954190525773, 0.49193128578869505, -0.32795419052584407, 0.08198854763148233, 0.0, 0.0, 0.0, 0.0, 0.0, 0.0, 0.0, 0.0]], "3": [[10.0, -1.0, 0.0, 0.0, -7.979727989493313e-17, -3.3147674420123693e-15, 8.423817199343375e-15, -4.579669976578771e-15, -3.885780586188048e-16, 0.0, 0.0, 0.0, 0.0, 0.0, 0.0, 0.0, 0.0, 1.0, 0.0, 0.0, 5.916840187402404, 3.7395878789889636e-15, -19.751041124414435, 21.084721499219242, -6.500520562207213, 0.0, 0.0, 0.0, 0.0, 0.0, 0.0, 0.0, 0.0], [10.0, -1.0, 0.0, 0.0, -1.609823385706477e-15, -4.163336342344337e-15, 1.7319479184152442e-14, -2.5979218776228663e-14, 5.551115123125783e-16, 0.0, 0.0, 0.0, 0.0, 0.0, 0.0, 0.0, 0.0, 1.75, 0.0, 0.0, 2.5826392503904305, -10.002602811036015, 14.511972930765436, -9.346694429984558, 2.2546850598647117, 0.0, 0.0, 0.0, 0.0, 0.0, 0.0, 0.0, 0.0], [10.0, -1.0, 0.0, 0.0, -2.3314683517128287e-15, 1.687538997430238e-14, -2.842170943040401e-14, 2.1316282072803006e-14, 1.7763568394002505e-15, 0.0, 0.0, 0.0, 0.0, 0.0, 0.0, 0.0, 0.0, 1.75, 0.0, 0.0, -0.3279541905257818, 1.2708224882873997, -1.8447423217075212, 1.188833940655968, -0.28695991671007093, 0.0, 0.0, 0.0, 0.0, 0.0, 0.0, 0.0, 0.0], [10.0, -1.0, 0.0, 0.0, 3.552713678800501e-15, -1.4210854715202004e-14, 7.105427357601002e-15, 1.4210854715202004e-14, -1.4210854715202004e-14, 0.0, 0.0, 0.0, 0.0, 0.0, 0.0, 0.0, 0.0, 1.75, 0.0, 0.0, 0.04099427381571896, -0.16397709526287585, 0.24596564289434752, -0.16397709526293625, 0.04099427381575538, 0.0, 0.0, 0.0, 0.0, 0.0, 0.0, 0.0, 0.0]], "4": [[10.0, 0.0, 0.0, 0.0, 0.0, 0.0, 0.0, 0.0, 0.0, 0.0, 0.0, 0.0, -0.1275377407600223, -6.61598489664486e-17, 0.7652264445601342, -1.020301926080179, 0.38261322228006694, 1.0, 0.0, 0.0, 5.8211868818323875, 3.689967992264128e-15, -19.177121290994336, 20.319495054659107, -6.213560645497163, 0.0, 0.0, 0.0, 0.0, 0.0, 0.0, 0.0, 0.0], [10.0, 0.0, 0.0, 0.0, 0.0, 0.0, 0.0, 0.0, 0.0, 0.0, 0.0, 0.0, 0.5101509630400882, 1.9130661114003342, -8.800104112441527, 9.820406038521698, -3.443519000520593, 1.75, 0.0, 0.0, 2.9652524726704965, -8.567803227485761, 7.91189484643429, -1.9813899010932825, -0.3279541905257327, 0.0, 0.0, 0.0, 0.0, 0.0, 0.0, 0.0, 0.0], [10.0, 0.0, 0.0, 0.0, 0.0, 0.0, 0.0, 0.0, 0.0, 0.0, 0.0, 0.0, -3.953669963560659, -15.304528891202612, 48.63560645497175, -42.54294638209303, 12.165538781884552, 1.75, 0.0, 0.0, -3.2932066631962758, -10.207574180114559, 34.631962519521295, -30.718375845913805, 8.837194169703343, 0.0, 0.0, 0.0, 0.0, 0.0, 0.0, 0.0, 0.0], [10.0, 0.0, 0.0, 0.0, 0.0, 0.0, 0.0, 0.0, 0.0, -1.0, 0.0, 0.0, -3.8807912545549472, 15.523165018219927, -23.28474752733007, 15.523165018220148, -3.8807912545550636, 1.0, 0.0, 0.0, -2.8695991671004917, 11.478396668402066, -17.217595002603204, 11.478396668402176, -2.869599167100546, 0.0, 0.0, 0.0, 0.0, 0.0, 0.0, 0.0, 0.0]],