{"0": [[10.0, -2.303684700606915, 4.132111825353107, 0.0, 6.5, -4.729803266367536, 7.55823039111373, 0.0, 5.5], [10.0, 1.4015716680166124, -2.7789422764676512, 1.353169548885461, 8.32842712474619, 4.111769277617644, -6.631179407988888, 0.9270509831248424, 8.32842712474619]], "1": [[10.0, -0.04592160394274636, 0.2721777843528308, 0.0, 6.30902, -4.565618127187701, 7.841531432343974, 0.0, 6.08779], [10.0, -0.22513890064219666, 0.13441297252458462, 0.40659075687741986, 6.535276180410084, 3.2414791384378088, -5.855322949219136, 1.9862084831248419, 9.363703305156273]], "2": [[10.0, 1.706827360820169, -3.051123541230252, 0.0, 5.80902, -3.5385816103125425, 6.451224915468817, 0.0, 6.45106], [10.0, -1.0523173608201661, 2.0693585412302484, -0.9817649999999998, 4.464723819589917, 2.014111610312547, -4.164519915468821, 2.2867049999999995, 9.363703305156273]], "3": [[10.0, 3.395579249492382, -5.914986374238571, 0.0, 5.19098, -1.4680292494923766, 3.345396374238568, 0.0, 6.45106], [10.0, -2.30008924949238, 4.271751374238568, -1.6432349999999993, 2.67157287525381, -0.056440750507618986, -1.0586913742385722, 2.2867049999999995, 8.32842712474619]], "4": [[10.0, 4.841131610312547, -7.89581491546882, 0.0, 4.69098, -0.33581486082016543, 0.7833010412302492, 0.0, 6.08779], [10.0, -3.995641610312546, 6.627579915468818, -1.2682349999999993, 1.6362966948437272, -0.03695680584649885, -0.22414354123025326, 0.5591575000000004, 6.535276180410084]], "5": [[10.0, 4.602406610312549, -7.466109915468823, 0.0, 4.5, 1.070552360820165, -2.1058285412302453, 0.0, 5.5], [10.0, -3.852406610312548, 6.341109915468821, -1.1249999999999996, 1.6362966948437263, -0.4038856941534963, 1.1058285412302435, -0.9999999999999996, 4.464723819589919]], "6": [[10.0, 2.770579249492383, -4.789986374238574, 0.0, 4.69098, 1.9221167494923819, -4.16275387423857, 0.0, 4.91221], [10.0, -1.9250892494923817, 3.5217513742385718, -1.2682349999999993, 2.6715728752538093, -0.21601174949237967, 1.6035963742385677, -2.5591574999999995, 2.67157287525381]], "7": [[10.0, 0.9342773608201673, -1.6605335412302509, 0.0, 5.19098, 3.5385816103125483, -6.451224915468822, 0.0, 4.54894], [10.0, -0.5887873608201644, 1.1422985412302467, -0.5182350000000007, 4.464723819589917, -2.0141116103125465, 4.164519915468819, -2.2867049999999995, 1.6362966948437268]], "8": [[10.0, -0.6709216039427419, 1.397177784352822, 0.0, 5.80902, 4.111530627187706, -7.024173932343981, 0.0, 4.54894], [10.0, 0.149861099357798, -0.6155870274754065, 0.781590756877419, 6.535276180410081, -2.9690266384378097, 5.3104179492191355, -1.7137559831248423, 1.6362966948437263]], "9": [[10.0, -2.5424097006069157, 4.561816825353107, 0.0, 6.30902, 3.9950657663675413, -6.235702891113732, 0.0, 4.91221], [10.0, 1.5448066680166122, -3.065412276467651, 1.4964045488854607, 8.32842712474619, -3.6709267776176437, 5.749494407988887, -0.48620848312484277, 2.6715728752538093]]}